Compensation_Record_ID,Employee_ID,Pay_Type,Annual_Salary,Hourly_Rate,Currency,Effective_Date,End_Date,Source_System
C00001,E10001,Salary,56300,,USD,2026-01-01,,Synthetic Workday
C00002,E10002,Salary,60600,,USD,2026-01-01,,Synthetic Workday
C00003,E10003,Salary,64900,,USD,2026-01-01,,Synthetic Workday
C00004,E10004,Salary,69200,,USD,2026-01-01,,Synthetic Workday
C00005,E10005,Salary,73500,,USD,2026-01-01,,Synthetic Workday
C00006,E10006,Salary,77800,,USD,2026-01-01,,Synthetic Workday
C00007,E10007,Salary,82100,,USD,2026-01-01,,Synthetic Workday
C00008,E10008,Salary,86400,,USD,2026-01-01,,Synthetic Workday
C00009,E10009,Hourly,,36.75,USD,2026-01-01,,Synthetic Workday
C00010,E10010,Salary,95000,,USD,2026-01-01,,Synthetic Workday
C00011,E10011,Salary,99300,,USD,2026-01-01,,Synthetic Workday
C00012,E10012,Salary,103600,,USD,2026-01-01,,Synthetic Workday
C00013,E10013,Salary,107900,,USD,2026-01-01,,Synthetic Workday
C00014,E10014,Salary,112200,,USD,2026-01-01,,Synthetic Workday
C00015,E10015,Salary,52000,,USD,2026-01-01,,Synthetic Workday
C00016,E10016,Salary,56300,,USD,2026-01-01,,Synthetic Workday
C00017,E10017,Salary,60600,,USD,2026-01-01,,Synthetic Workday
C00018,E10018,Hourly,,31.50,USD,2026-01-01,,Synthetic Workday
C00019,E10019,Salary,69200,,USD,2026-01-01,,Synthetic Workday
C00020,E10020,Salary,73500,,USD,2026-01-01,,Synthetic Workday
C00021,E10021,Salary,77800,,USD,2026-01-01,,Synthetic Workday
C00022,E10022,Salary,82100,,USD,2026-01-01,,Synthetic Workday
C00023,E10023,Salary,86400,,USD,2026-01-01,,Synthetic Workday
C00024,E10024,Salary,90700,,USD,2026-01-01,,Synthetic Workday
C00025,E10025,Salary,95000,,USD,2026-01-01,,Synthetic Workday
C00026,E10026,Salary,99300,,USD,2026-01-01,,Synthetic Workday
C00027,E10027,Hourly,,26.25,USD,2026-01-01,,Synthetic Workday
C00028,E10028,Salary,107900,,USD,2026-01-01,,Synthetic Workday
C00029,E10029,Salary,112200,,USD,2026-01-01,,Synthetic Workday
C00030,E10030,Salary,52000,,USD,2026-01-01,,Synthetic Workday
C00031,E10031,Salary,56300,,USD,2026-01-01,,Synthetic Workday
C00032,E10032,Salary,60600,,USD,2026-01-01,,Synthetic Workday
C00033,E10033,Salary,64900,,USD,2026-01-01,,Synthetic Workday
C00034,E10034,Salary,69200,,USD,2026-01-01,,Synthetic Workday
C00035,E10035,Salary,73500,,USD,2026-01-01,,Synthetic Workday
C00036,E10036,Hourly,,21.00,USD,2026-01-01,,Synthetic Workday
C00037,E10037,Salary,82100,,USD,2026-01-01,,Synthetic Workday
C00038,E10038,Salary,86400,,USD,2026-01-01,,Synthetic Workday
C00039,E10039,Salary,90700,,USD,2026-01-01,,Synthetic Workday
C00040,E10040,Salary,95000,,USD,2026-01-01,,Synthetic Workday
C00041,E10041,Salary,99300,,USD,2026-01-01,,Synthetic Workday
C00042,E10042,Salary,103600,,USD,2026-01-01,,Synthetic Workday
C00043,E10043,Salary,107900,,USD,2026-01-01,,Synthetic Workday
C00044,E10044,Salary,112200,,USD,2026-01-01,,Synthetic Workday
C00045,E10045,Hourly,,36.75,USD,2026-01-01,,Synthetic Workday
C00046,E10046,Salary,56300,,USD,2026-01-01,,Synthetic Workday
C00047,E10047,Salary,60600,,USD,2026-01-01,,Synthetic Workday
C00048,E10048,Salary,64900,,USD,2026-01-01,,Synthetic Workday
C00049,E10049,Salary,69200,,USD,2026-01-01,,Synthetic Workday
C00050,E10050,Salary,73500,,USD,2026-01-01,,Synthetic Workday
C00051,E10051,Salary,77800,,USD,2026-01-01,,Synthetic Workday
C00052,E10052,Salary,82100,,USD,2026-01-01,,Synthetic Workday
C00053,E10053,Salary,86400,,USD,2026-01-01,,Synthetic Workday
C00054,E10054,Hourly,,31.50,USD,2026-01-01,,Synthetic Workday
C00055,E10055,Salary,95000,,USD,2026-01-01,,Synthetic Workday
C00056,E10056,Salary,99300,,USD,2026-01-01,,Synthetic Workday
C00057,E10057,Salary,103600,,USD,2026-01-01,,Synthetic Workday
C00058,E10058,Salary,107900,,USD,2026-01-01,,Synthetic Workday
C00059,E10059,Salary,112200,,USD,2026-01-01,,Synthetic Workday
C00060,E10060,Salary,52000,,USD,2026-01-01,,Synthetic Workday
C00061,E10061,Salary,56300,,USD,2026-01-01,,Synthetic Workday
C00062,E10062,Salary,60600,,USD,2026-01-01,,Synthetic Workday
C00063,E10063,Hourly,,26.25,USD,2026-01-01,,Synthetic Workday
C00064,E10064,Salary,69200,,USD,2026-01-01,,Synthetic Workday
C00065,E10065,Salary,73500,,USD,2026-01-01,,Synthetic Workday
C00066,E10066,Salary,77800,,USD,2026-01-01,,Synthetic Workday
C00067,E10067,Salary,82100,,USD,2026-01-01,,Synthetic Workday
C00068,E10068,Salary,86400,,USD,2026-01-01,,Synthetic Workday
C00069,E10069,Salary,90700,,USD,2026-01-01,,Synthetic Workday
C00070,E10070,Salary,95000,,USD,2026-01-01,,Synthetic Workday
C00071,E10071,Salary,99300,,USD,2026-01-01,,Synthetic Workday
C00072,E10072,Hourly,,21.00,USD,2026-01-01,,Synthetic Workday
C00073,E10073,Salary,107900,,USD,2026-01-01,,Synthetic Workday
C00074,E10074,Salary,112200,,USD,2026-01-01,,Synthetic Workday
C00075,E10075,Salary,52000,,USD,2026-01-01,,Synthetic Workday
C00076,E10076,Salary,56300,,USD,2026-01-01,,Synthetic Workday
C00077,E10077,Salary,60600,,USD,2026-01-01,,Synthetic Workday
C00078,E10078,Salary,64900,,USD,2026-01-01,,Synthetic Workday
C00079,E10079,Salary,69200,,USD,2026-01-01,,Synthetic Workday
C00080,E10080,Salary,73500,,USD,2026-01-01,,Synthetic Workday
C00081,E10081,Hourly,,36.75,USD,2026-01-01,,Synthetic Workday
C00082,E10082,Salary,82100,,USD,2026-01-01,,Synthetic Workday
C00083,E10083,Salary,86400,,USD,2026-01-01,,Synthetic Workday
C00084,E10084,Salary,90700,,USD,2026-01-01,,Synthetic Workday
C00085,E10085,Salary,95000,,USD,2026-01-01,,Synthetic Workday
C00086,E10086,Salary,99300,,USD,2026-01-01,,Synthetic Workday
C00087,E10087,Salary,103600,,USD,2026-01-01,,Synthetic Workday
C00088,E10088,Salary,107900,,USD,2026-01-01,,Synthetic Workday
C00089,E10089,Salary,112200,,USD,2026-01-01,,Synthetic Workday
C00090,E10090,Hourly,,31.50,USD,2026-01-01,,Synthetic Workday
C00091,E10091,Salary,56300,,USD,2026-01-01,,Synthetic Workday
C00092,E10092,Salary,60600,,USD,2026-01-01,,Synthetic Workday
C00093,E10093,Salary,64900,,USD,2026-01-01,,Synthetic Workday
C00094,E10094,Salary,69200,,USD,2026-01-01,,Synthetic Workday
C00095,E10095,Salary,73500,,USD,2026-01-01,,Synthetic Workday
C00096,E10096,Salary,77800,,USD,2026-01-01,,Synthetic Workday
C00097,E10097,Salary,82100,,USD,2026-01-01,,Synthetic Workday
C00098,E10098,Salary,86400,,USD,2026-01-01,,Synthetic Workday
C00099,E10099,Hourly,,26.25,USD,2026-01-01,,Synthetic Workday
C00100,E10100,Salary,95000,,USD,2026-01-01,,Synthetic Workday
C00101,E10101,Salary,99300,,USD,2026-01-01,,Synthetic Workday
C00102,E10102,Salary,103600,,USD,2026-01-01,,Synthetic Workday
C00103,E10103,Salary,107900,,USD,2026-01-01,,Synthetic Workday
C00104,E10104,Salary,112200,,USD,2026-01-01,,Synthetic Workday
C00105,E10105,Salary,52000,,USD,2026-01-01,,Synthetic Workday
C00106,E10106,Salary,56300,,USD,2026-01-01,,Synthetic Workday
C00107,E10107,Salary,60600,,USD,2026-01-01,,Synthetic Workday
C00108,E10108,Hourly,,21.00,USD,2026-01-01,,Synthetic Workday
C00109,E10109,Salary,69200,,USD,2026-01-01,,Synthetic Workday
C00110,E10110,Salary,73500,,USD,2026-01-01,,Synthetic Workday
C00111,E10111,Salary,77800,,USD,2026-01-01,,Synthetic Workday
C00112,E10112,Salary,82100,,USD,2026-01-01,,Synthetic Workday
C00113,E10113,Salary,86400,,USD,2026-01-01,,Synthetic Workday
C00114,E10114,Salary,90700,,USD,2026-01-01,,Synthetic Workday
C00115,E10115,Salary,95000,,USD,2026-01-01,,Synthetic Workday
C00116,E10116,Salary,99300,,USD,2026-01-01,,Synthetic Workday
C00117,E10117,Hourly,,36.75,USD,2026-01-01,,Synthetic Workday
C00118,E10118,Salary,,,USD,2026-01-01,,Synthetic Workday
C00119,E10119,Salary,112200,,USD,2026-01-01,,Synthetic Workday
C00120,E10120,Salary,52000,,USD,2026-01-01,,Synthetic Workday
C00121,E10121,Salary,56300,,USD,2026-01-01,,Synthetic Workday
C00122,E10122,Salary,60600,,USD,2026-01-01,,Synthetic Workday
C00123,E10123,Salary,64900,,USD,2026-01-01,,Synthetic Workday
C00124,E10124,Salary,69200,,USD,2026-01-01,,Synthetic Workday
C00125,E10125,Salary,73500,,USD,2026-01-01,,Synthetic Workday
C00126,E10126,Hourly,,31.50,USD,2026-01-01,,Synthetic Workday
C00127,E10127,Salary,82100,,USD,2026-01-01,,Synthetic Workday
C00128,E10128,Salary,86400,,USD,2026-01-01,,Synthetic Workday
C00129,E10129,Salary,90700,,USD,2026-01-01,,Synthetic Workday
C00130,E10130,Salary,95000,,USD,2026-01-01,,Synthetic Workday
C00131,E10131,Salary,99300,,USD,2026-01-01,,Synthetic Workday
C00132,E10132,Salary,103600,,USD,2026-01-01,,Synthetic Workday
C00133,E10133,Salary,107900,,USD,2026-01-01,,Synthetic Workday
C00134,E10134,Salary,112200,,USD,2026-01-01,,Synthetic Workday
C00135,E10135,Hourly,,26.25,USD,2026-01-01,,Synthetic Workday
C00136,E10136,Salary,56300,,USD,2026-01-01,,Synthetic Workday
C00137,E10137,Salary,60600,,USD,2026-01-01,,Synthetic Workday
C00138,E10138,Salary,64900,,USD,2026-01-01,,Synthetic Workday
C00139,E10139,Salary,69200,,USD,2026-01-01,,Synthetic Workday
C00140,E10140,Salary,73500,,USD,2026-01-01,,Synthetic Workday
C00141,E10141,Salary,77800,,USD,2026-01-01,,Synthetic Workday
C00142,E10142,Salary,82100,,USD,2026-01-01,,Synthetic Workday
C00143,E10143,Salary,86400,,USD,2026-01-01,,Synthetic Workday
C00144,E10144,Hourly,,21.00,USD,2026-01-01,,Synthetic Workday
C00145,E10145,Salary,95000,,USD,2026-01-01,,Synthetic Workday
C00146,E10146,Salary,99300,,USD,2026-01-01,,Synthetic Workday
C00147,E10147,Salary,103600,,USD,2026-01-01,,Synthetic Workday
C00148,E10148,Salary,107900,,USD,2026-01-01,,Synthetic Workday
C00149,E10149,Salary,112200,,USD,2026-01-01,,Synthetic Workday
C00150,E10150,Salary,52000,,USD,2026-01-01,,Synthetic Workday
C00151,E10151,Salary,56300,,USD,2026-01-01,,Synthetic Workday
C00152,E10152,Salary,60600,,USD,2026-01-01,,Synthetic Workday
C00153,E10153,Hourly,,36.75,USD,2026-01-01,,Synthetic Workday
C00154,E10154,Salary,69200,,USD,2026-01-01,,Synthetic Workday
C00155,E10155,Salary,73500,,USD,2026-01-01,,Synthetic Workday
C00156,E10156,Salary,77800,,USD,2026-01-01,,Synthetic Workday
C00157,E10157,Salary,82100,,USD,2026-01-01,,Synthetic Workday
C00158,E10158,Salary,86400,,USD,2026-01-01,,Synthetic Workday
C00159,E10159,Salary,90700,,USD,2026-01-01,,Synthetic Workday
C00160,E10160,Salary,95000,,USD,2026-01-01,,Synthetic Workday
C00161,E10161,Salary,99300,,USD,2026-01-01,,Synthetic Workday
C00162,E10162,Hourly,,31.50,USD,2026-01-01,,Synthetic Workday
C00163,E10163,Salary,107900,,USD,2026-01-01,,Synthetic Workday
C00164,E10164,Salary,112200,,USD,2026-01-01,,Synthetic Workday
C00165,E10165,Salary,52000,,USD,2026-01-01,,Synthetic Workday
C00166,E10166,Salary,56300,,USD,2026-01-01,,Synthetic Workday
C00167,E10167,Salary,60600,,USD,2026-01-01,,Synthetic Workday
C00168,E10168,Salary,64900,,USD,2026-01-01,,Synthetic Workday
C00169,E10169,Salary,69200,,USD,2026-01-01,,Synthetic Workday
C00170,E10170,Salary,73500,,USD,2026-01-01,,Synthetic Workday
C00171,E10171,Hourly,,26.25,USD,2026-01-01,,Synthetic Workday
C00172,E10172,Salary,82100,,USD,2026-01-01,,Synthetic Workday
C00173,E10173,Salary,86400,,USD,2026-01-01,,Synthetic Workday
C00174,E10174,Salary,90700,,USD,2026-01-01,,Synthetic Workday
C00175,E10175,Salary,95000,,USD,2026-01-01,,Synthetic Workday
C00176,E10176,Salary,99300,,USD,2026-01-01,,Synthetic Workday
C00177,E10177,Salary,103600,,USD,2026-01-01,,Synthetic Workday
C00178,E10178,Salary,107900,,USD,2026-01-01,,Synthetic Workday
C00179,E10179,Salary,112200,,USD,2026-01-01,,Synthetic Workday
C00180,E10180,Hourly,,21.00,USD,2026-01-01,,Synthetic Workday
C00181,E10181,Salary,56300,,USD,2026-01-01,,Synthetic Workday
C00182,E10182,Salary,60600,,USD,2026-01-01,,Synthetic Workday
C00183,E10183,Salary,64900,,USD,2026-01-01,,Synthetic Workday
C00184,E10184,Salary,69200,,USD,2026-01-01,,Synthetic Workday
C00185,E10185,Salary,73500,,USD,2026-01-01,,Synthetic Workday
C00186,E10186,Salary,77800,,USD,2026-01-01,,Synthetic Workday
C00187,E10187,Salary,82100,,USD,2026-01-01,,Synthetic Workday
C00188,E10188,Salary,86400,,USD,2026-01-01,,Synthetic Workday
C00189,E10189,Hourly,,36.75,USD,2026-01-01,,Synthetic Workday
C00190,E10190,Salary,95000,,USD,2026-01-01,,Synthetic Workday
C00191,E10191,Salary,99300,,USD,2026-01-01,,Synthetic Workday
C00192,E10192,Salary,103600,,USD,2026-01-01,,Synthetic Workday
C00193,E10193,Salary,107900,,USD,2026-01-01,,Synthetic Workday
C00194,E10194,Salary,112200,,USD,2026-01-01,,Synthetic Workday
C00195,E10195,Salary,52000,,USD,2026-01-01,,Synthetic Workday
C00196,E10196,Salary,56300,,USD,2026-01-01,,Synthetic Workday
C00197,E10197,Salary,60600,,USD,2026-01-01,,Synthetic Workday
C00198,E10198,Hourly,,31.50,USD,2026-01-01,,Synthetic Workday
C00199,E10199,Salary,69200,,USD,2026-01-01,,Synthetic Workday
C00200,E10200,Salary,73500,,USD,2026-01-01,,Synthetic Workday
C00201,E10201,Salary,77800,,USD,2026-01-01,,Synthetic Workday
C00202,E10202,Salary,82100,,USD,2026-01-01,,Synthetic Workday
C00203,E10203,Salary,86400,,USD,2026-01-01,,Synthetic Workday
C00204,E10204,Salary,90700,,USD,2026-01-01,,Synthetic Workday
C00205,E10205,Salary,95000,,USD,2026-01-01,,Synthetic Workday
C00206,E10206,Salary,99300,,USD,2026-01-01,,Synthetic Workday
C00207,E10207,Hourly,,26.25,USD,2026-01-01,,Synthetic Workday
C00208,E10208,Salary,107900,,USD,2026-01-01,,Synthetic Workday
C00209,E10209,Salary,112200,,USD,2026-01-01,,Synthetic Workday
C00210,E10210,Salary,52000,,USD,2026-01-01,,Synthetic Workday
C00211,E10211,Salary,56300,,USD,2026-01-01,,Synthetic Workday
C00212,E10212,Salary,60600,,USD,2026-01-01,,Synthetic Workday
C00213,E10213,Salary,64900,,USD,2026-01-01,,Synthetic Workday
C00214,E10214,Salary,69200,,USD,2026-01-01,,Synthetic Workday
C00215,E10215,Salary,73500,,USD,2026-01-01,,Synthetic Workday
C00216,E10216,Hourly,,21.00,USD,2026-01-01,,Synthetic Workday
C00217,E10217,Salary,82100,,USD,2026-01-01,,Synthetic Workday
C00218,E10218,Salary,86400,,USD,2026-01-01,,Synthetic Workday
C00219,E10219,Salary,90700,,USD,2026-01-01,,Synthetic Workday
C00220,E10220,Salary,95000,,USD,2026-01-01,,Synthetic Workday
C00221,E10221,Salary,99300,,USD,2026-01-01,,Synthetic Workday
C00222,E10222,Salary,103600,,USD,2026-01-01,,Synthetic Workday
C00223,E10223,Salary,107900,,USD,2026-01-01,,Synthetic Workday
C00224,E10224,Salary,112200,,USD,2026-01-01,,Synthetic Workday
C00225,E10225,Hourly,,36.75,USD,2026-01-01,,Synthetic Workday
C00226,E10226,Salary,56300,,USD,2026-01-01,,Synthetic Workday
C00227,E10227,Salary,60600,,USD,2026-01-01,,Synthetic Workday
C00228,E10228,Salary,64900,,USD,2026-01-01,,Synthetic Workday
C00229,E10229,Salary,69200,,USD,2026-01-01,,Synthetic Workday
C00230,E10230,Salary,73500,,USD,2026-01-01,,Synthetic Workday
C00231,E10231,Salary,77800,,USD,2026-01-01,,Synthetic Workday
C00232,E10232,Salary,82100,,USD,2026-01-01,,Synthetic Workday
C00233,E10233,Salary,86400,,USD,2026-01-01,,Synthetic Workday
C00234,E10234,Hourly,,31.50,USD,2026-01-01,,Synthetic Workday
C00235,E10235,Salary,95000,,USD,2026-01-01,,Synthetic Workday
C00236,E10236,Salary,99300,,USD,2026-01-01,,Synthetic Workday
C00237,E10237,Salary,103600,,USD,2026-01-01,,Synthetic Workday
C00238,E10238,Salary,107900,,USD,2026-01-01,,Synthetic Workday
C00239,E10239,Salary,112200,,USD,2026-01-01,,Synthetic Workday
C00240,E10240,Salary,52000,,USD,2026-01-01,,Synthetic Workday
C00241,E10241,Salary,56300,,USD,2026-10-01,,Synthetic Workday
C00242,E10242,Salary,60600,,USD,2026-10-01,,Synthetic Workday
C00243,E10243,Hourly,,26.25,USD,2026-10-01,,Synthetic Workday
C00244,E10244,Salary,69200,,USD,2026-10-01,,Synthetic Workday
C00245,E10245,Salary,73500,,USD,2026-10-01,,Synthetic Workday
C00246,E10246,Salary,77800,,USD,2026-10-01,,Synthetic Workday
C00247,E10247,Salary,82100,,USD,2026-10-01,,Synthetic Workday
C00248,E10248,Salary,86400,,USD,2026-10-01,,Synthetic Workday
C00249,E10249,Salary,90700,,USD,2026-11-01,,Synthetic Workday
C00250,E10250,Salary,95000,,USD,2026-11-01,,Synthetic Workday
C00251,E10251,Salary,99300,,USD,2026-11-01,,Synthetic Workday
C00252,E10252,Hourly,,21.00,USD,2026-11-01,,Synthetic Workday
C00253,E10253,Salary,107900,,USD,2026-11-01,,Synthetic Workday
C00254,E10254,Salary,112200,,USD,2026-11-01,,Synthetic Workday
C00255,E10255,Salary,52000,,USD,2026-11-01,,Synthetic Workday
C00256,E10256,Salary,56300,,USD,2026-11-01,,Synthetic Workday
C90001,E10034,Salary,91000,,USD,2026-07-01,,Synthetic Workday
