Leave_ID,Employee_ID,Leave_Type,Start_Date,End_Date,Leave_Status,Approved_Date,Source_System
L0001,E10012,Medical,2026-08-02,2026-09-03,Approved,2026-07-06,Synthetic Workday
L0002,E10023,Medical,2026-09-03,2026-10-04,Approved,2026-08-07,Synthetic Workday
L0003,E10034,Military,2026-10-04,2026-11-05,Approved,2026-06-08,Synthetic Workday
L0004,E10045,Parental,2026-11-05,2026-08-06,Approved,2026-07-09,Synthetic Workday
L0005,E10056,Military,2026-07-06,2026-09-07,Approved,2026-08-10,Synthetic Workday
L0006,E10067,Military,2026-08-07,2026-10-08,Pending,,Synthetic Workday
L0007,E10078,Parental,2026-09-08,,Approved,2026-07-12,Synthetic Workday
L0008,E10089,Military,2026-10-09,2026-08-10,Approved,2026-08-13,Synthetic Workday
L0009,E10100,Medical,2026-11-10,2026-09-11,Approved,2026-06-14,Synthetic Workday
L0010,E10111,Parental,2026-07-11,2026-10-12,Approved,2026-07-15,Synthetic Workday
L0011,E10122,Personal,2026-08-12,2026-11-13,Approved,2026-08-16,Synthetic Workday
L0012,E10133,Medical,2026-09-13,2026-08-14,Pending,,Synthetic Workday
L0013,E10144,Parental,2026-10-14,2026-09-15,Approved,2026-07-18,Synthetic Workday
L0014,E10155,Military,2026-11-15,,Approved,2026-08-19,Synthetic Workday
L0015,E10166,Parental,2026-07-16,2026-11-17,Approved,2026-06-20,Synthetic Workday
L0016,E10177,Medical,2026-08-17,2026-08-18,Approved,2026-07-21,Synthetic Workday
L0017,E10188,Parental,2026-09-18,2026-09-19,Approved,2026-08-22,Synthetic Workday
L0018,E10199,Medical,2026-10-19,2026-10-20,Pending,,Synthetic Workday
L0019,E10210,Military,2026-11-20,2026-11-21,Approved,2026-07-24,Synthetic Workday
L0020,E10221,Military,2026-07-21,2026-08-22,Approved,2026-08-05,Synthetic Workday
L0021,E10002,Parental,2026-08-22,,Approved,2026-06-06,Synthetic Workday
L0022,E10013,Military,2026-09-23,2026-10-24,Approved,2026-07-07,Synthetic Workday
L0023,E10024,Military,2026-10-24,2026-11-02,Approved,2026-08-08,Synthetic Workday
L0024,E10035,Personal,2026-11-01,2026-08-03,Pending,,Synthetic Workday
L0025,E10046,Personal,2026-07-02,2026-09-04,Approved,2026-07-10,Synthetic Workday
L0026,E10057,Medical,2026-08-03,2026-10-05,Approved,2026-08-11,Synthetic Workday
L0027,E10068,Medical,2026-09-04,2026-11-06,Approved,2026-06-12,Synthetic Workday
L0028,E10079,Medical,2026-10-05,,Approved,2026-07-13,Synthetic Workday
L0029,E10090,Personal,2026-11-06,2026-09-08,Approved,2026-08-14,Synthetic Workday
L0030,E10101,Military,2026-07-07,2026-10-09,Pending,,Synthetic Workday
L0031,E10112,Medical,2026-08-08,2026-11-10,Approved,2026-07-16,Synthetic Workday
L0032,E10123,Parental,2026-09-09,2026-08-11,Approved,2026-08-17,Synthetic Workday
L0033,E10134,Parental,2026-10-10,2026-09-12,Approved,2026-06-18,Synthetic Workday
L0034,E10145,Medical,2026-11-11,2026-10-13,Approved,2026-07-19,Synthetic Workday
L0035,E10156,Military,2026-07-12,,Approved,2026-08-20,Synthetic Workday
L0036,E10167,Personal,2026-08-13,2026-08-15,Pending,,Synthetic Workday
L0037,E10178,Medical,2026-09-14,2026-09-16,Approved,2026-07-22,Synthetic Workday
L0038,E10189,Military,2026-10-15,2026-10-17,Approved,2026-08-23,Synthetic Workday
