Requisition_ID,Position_ID,Department_ID,Open_Date,Close_Date,Requisition_Status,Candidate_ID,Offer_Date,Hire_Date,Recruiter
R0001,P00182,D002,2026-05-02,,Open,,,,Lee Chen
R0002,P00183,D003,2026-06-03,,Open,,,,Sam Ortiz
R0003,P00184,D004,2026-07-04,2026-09-04,Filled,CAN2003,2026-08-04,2026-09-05,Lee Chen
R0004,P00185,D005,2026-08-05,,On Hold,,,,Dana Brooks
R0005,P00186,D006,2026-09-06,,Open,,,,Lee Chen
R0006,P00187,D007,2026-10-07,2026-06-07,Filled,CAN2006,2026-05-07,2026-06-08,Dana Brooks
R0007,P00188,D008,2026-04-08,,Open,,,,Lee Chen
R0008,P00189,D009,2026-05-09,,On Hold,,,,Lee Chen
R0009,P00190,D010,2026-06-10,2026-09-10,Filled,CAN2009,2026-08-10,2026-09-11,Lee Chen
R0010,P00191,D011,2026-07-11,,Open,,,,Sam Ortiz
R0011,P00192,D012,2026-08-12,,Open,,,,Sam Ortiz
R0012,P00193,D001,2026-09-13,2026-06-13,Filled,CAN2012,2026-05-13,2026-06-14,Sam Ortiz
R0013,P00194,D002,2026-10-14,,Open,,,,Lee Chen
R0014,P00195,D003,2026-04-15,,Open,,,,Sam Ortiz
R0015,P00196,D004,2026-05-16,2026-09-16,Filled,CAN2015,2026-08-16,2026-09-17,Sam Ortiz
R0016,P00197,D005,2026-06-17,,On Hold,,,,Lee Chen
R0017,P00198,D006,2026-07-18,,Open,,,,Sam Ortiz
R0018,P00199,D007,2026-08-19,2026-06-19,Filled,CAN2018,2026-05-19,2026-06-20,Lee Chen
R0019,P00200,D008,2026-09-20,,Open,,,,Dana Brooks
R0020,P00201,D009,2026-10-21,,On Hold,,,,Lee Chen
R0021,P00202,D010,2026-04-22,2026-09-22,Filled,CAN2021,2026-08-22,2026-09-23,Sam Ortiz
R0022,P00203,D011,2026-05-23,,Open,,,,Dana Brooks
R0023,P00204,D012,2026-06-01,,Open,,,,Dana Brooks
R0024,P00205,D001,2026-07-02,2026-06-01,Filled,CAN2024,2026-05-01,2026-06-03,Sam Ortiz
R0025,P00206,D002,2026-08-03,,Open,,,,Lee Chen
R0026,P00207,D003,2026-09-04,,Open,,,,Sam Ortiz
R0027,P00208,D004,2026-10-05,2026-09-04,Filled,CAN2027,2026-08-04,2026-09-06,Dana Brooks
R0028,P00209,D005,2026-04-06,,On Hold,,,,Lee Chen
R0029,P00210,D006,2026-05-07,,Open,,,,Lee Chen
R0030,P00211,D007,2026-06-08,2026-06-07,Filled,CAN2030,2026-05-07,2026-06-09,Dana Brooks
R0031,P00212,D008,2026-07-09,,Open,,,,Lee Chen
R0032,P00213,D009,2026-08-10,,On Hold,,,,Dana Brooks
R0033,P00214,D010,2026-09-11,2026-09-10,Filled,CAN2033,2026-08-10,2026-09-12,Sam Ortiz
R0034,P00215,D011,2026-10-12,,Open,,,,Lee Chen
R0035,P00216,D012,2026-04-13,,Open,,,,Sam Ortiz
R0036,P00217,D001,2026-05-14,2026-06-13,Filled,CAN2036,2026-05-13,2026-06-15,Lee Chen
R0037,P00218,D002,2026-06-15,,Open,,,,Sam Ortiz
R0038,P00219,D003,2026-07-16,,Open,,,,Lee Chen
R0039,P00220,D004,2026-08-17,2026-09-16,Filled,CAN2039,2026-08-16,2026-09-18,Lee Chen
R0040,P00221,D005,2026-09-18,,On Hold,,,,Dana Brooks
R0041,P00222,D006,2026-10-19,,Open,,,,Sam Ortiz
R0042,P00223,D007,2026-04-20,2026-06-19,Filled,CAN2042,2026-05-19,2026-06-21,Lee Chen
R0043,P00224,D008,2026-05-21,,Open,,,,Dana Brooks
R0044,P00225,D009,2026-06-22,,On Hold,,,,Dana Brooks
R0045,P00226,D010,2026-07-23,2026-09-22,Filled,CAN2045,2026-08-22,2026-09-24,Dana Brooks
R0046,P00227,D011,2026-08-01,,Open,,,,Lee Chen
R0047,P00228,D012,2026-09-02,,Open,,,,Sam Ortiz
R0048,P00229,D001,2026-10-03,2026-06-01,Filled,CAN2048,2026-05-01,2026-06-04,Sam Ortiz
R0049,P00230,D002,2026-04-04,,Open,,,,Dana Brooks
R0050,P00231,D003,2026-05-05,,Open,,,,Sam Ortiz
R0051,P00232,D004,2026-06-06,2026-09-04,Filled,CAN2051,2026-08-04,2026-09-07,Sam Ortiz
R0052,P00233,D005,2026-07-07,,On Hold,,,,Lee Chen
R0053,P00234,D006,2026-08-08,,Open,,,,Lee Chen
R0054,P00235,D007,2026-09-09,2026-06-07,Filled,CAN2054,2026-05-07,2026-06-10,Dana Brooks
R0055,P00236,D008,2026-10-10,,Open,,,,Lee Chen
