Employee_ID,I9_Status,Code_of_Conduct_Status,Harassment_Training_Status,Training_Due_Date,Background_Check_Status,As_Of_Date
E10001,Missing,Overdue,Not Started,2026-11-15,Pending,2026-11-30
E10002,Complete,Complete,Complete,2027-01-31,Complete,2026-11-30
E10003,Complete,Complete,Complete,2027-01-31,Complete,2026-11-30
E10004,Complete,Complete,Complete,2027-01-31,Complete,2026-11-30
E10005,Complete,Complete,Complete,2027-01-31,Complete,2026-11-30
E10006,Complete,Complete,Complete,2027-01-31,Complete,2026-11-30
E10007,Complete,Complete,Complete,2027-01-31,Complete,2026-11-30
E10008,Complete,Complete,Complete,2027-01-31,Complete,2026-11-30
E10009,Complete,Complete,Complete,2027-01-31,Complete,2026-11-30
E10010,Complete,Complete,Complete,2027-01-31,Complete,2026-11-30
E10011,Complete,Complete,Complete,2027-01-31,Complete,2026-11-30
E10012,Complete,Complete,Complete,2027-01-31,Complete,2026-11-30
E10013,Complete,Complete,Complete,2027-01-31,Complete,2026-11-30
E10014,Complete,Complete,Complete,2027-01-31,Complete,2026-11-30
E10015,Complete,Complete,Complete,2027-01-31,Complete,2026-11-30
E10016,Complete,Complete,Complete,2027-01-31,Complete,2026-11-30
E10017,Complete,Complete,Complete,2027-01-31,Complete,2026-11-30
E10018,Complete,Complete,Complete,2027-01-31,Complete,2026-11-30
E10019,Complete,Complete,Complete,2027-01-31,Complete,2026-11-30
E10020,Complete,Complete,Complete,2027-01-31,Complete,2026-11-30
E10021,Complete,Complete,Complete,2027-01-31,Complete,2026-11-30
E10022,Complete,Complete,Complete,2027-01-31,Complete,2026-11-30
E10023,Complete,Complete,Complete,2027-01-31,Complete,2026-11-30
E10024,Complete,Complete,Complete,2027-01-31,Complete,2026-11-30
E10025,Complete,Complete,Complete,2027-01-31,Complete,2026-11-30
E10026,Complete,Complete,Complete,2027-01-31,Complete,2026-11-30
E10027,Complete,Complete,Complete,2027-01-31,Complete,2026-11-30
E10028,Complete,Complete,Complete,2027-01-31,Complete,2026-11-30
E10029,Complete,Complete,Complete,2027-01-31,Complete,2026-11-30
E10030,Complete,Overdue,Complete,2026-11-15,Complete,2026-11-30
E10031,Complete,Complete,Complete,2027-01-31,Complete,2026-11-30
E10032,Missing,Complete,Complete,2027-01-31,Complete,2026-11-30
E10033,Complete,Complete,Complete,2027-01-31,Complete,2026-11-30
E10034,Complete,Complete,Complete,2027-01-31,Complete,2026-11-30
E10035,Complete,Complete,Complete,2027-01-31,Complete,2026-11-30
E10036,Complete,Complete,Complete,2027-01-31,Complete,2026-11-30
E10037,Complete,Complete,Complete,2027-01-31,Complete,2026-11-30
E10038,Complete,Complete,Not Started,2027-01-31,Complete,2026-11-30
E10039,Complete,Complete,Complete,2027-01-31,Complete,2026-11-30
E10040,Complete,Complete,Complete,2027-01-31,Complete,2026-11-30
E10041,Complete,Complete,Complete,2027-01-31,Complete,2026-11-30
E10042,Complete,Complete,Complete,2027-01-31,Complete,2026-11-30
E10043,Complete,Complete,Complete,2027-01-31,Complete,2026-11-30
E10044,Complete,Complete,Complete,2027-01-31,Pending,2026-11-30
E10045,Complete,Complete,Complete,2027-01-31,Complete,2026-11-30
E10046,Complete,Complete,Complete,2027-01-31,Complete,2026-11-30
E10047,Complete,Complete,Complete,2027-01-31,Complete,2026-11-30
E10048,Complete,Complete,Complete,2027-01-31,Complete,2026-11-30
E10049,Complete,Complete,Complete,2027-01-31,Complete,2026-11-30
E10050,Complete,Complete,Complete,2027-01-31,Complete,2026-11-30
E10051,Complete,Complete,Complete,2027-01-31,Complete,2026-11-30
E10052,Complete,Complete,Complete,2027-01-31,Complete,2026-11-30
E10053,Complete,Complete,Complete,2027-01-31,Complete,2026-11-30
E10054,Complete,Complete,Complete,2027-01-31,Complete,2026-11-30
E10055,Complete,Complete,Complete,2027-01-31,Complete,2026-11-30
E10056,Complete,Complete,Complete,2027-01-31,Complete,2026-11-30
E10057,Complete,Complete,Complete,2027-01-31,Complete,2026-11-30
E10058,Complete,Complete,Complete,2027-01-31,Complete,2026-11-30
E10059,Complete,Overdue,Complete,2026-11-15,Complete,2026-11-30
E10060,Complete,Complete,Complete,2027-01-31,Complete,2026-11-30
E10061,Complete,Complete,Complete,2027-01-31,Complete,2026-11-30
E10062,Complete,Complete,Complete,2027-01-31,Complete,2026-11-30
E10063,Missing,Complete,Complete,2027-01-31,Complete,2026-11-30
E10064,Complete,Complete,Complete,2027-01-31,Complete,2026-11-30
E10065,Complete,Complete,Complete,2027-01-31,Complete,2026-11-30
E10066,Complete,Complete,Complete,2027-01-31,Complete,2026-11-30
E10067,Complete,Complete,Complete,2027-01-31,Complete,2026-11-30
E10068,Complete,Complete,Complete,2027-01-31,Complete,2026-11-30
E10069,Complete,Complete,Complete,2027-01-31,Complete,2026-11-30
E10070,Complete,Complete,Complete,2027-01-31,Complete,2026-11-30
E10071,Complete,Complete,Complete,2027-01-31,Complete,2026-11-30
E10072,Complete,Complete,Complete,2027-01-31,Complete,2026-11-30
E10073,Complete,Complete,Complete,2027-01-31,Complete,2026-11-30
E10074,Complete,Complete,Complete,2027-01-31,Complete,2026-11-30
E10075,Complete,Complete,Not Started,2027-01-31,Complete,2026-11-30
E10076,Complete,Complete,Complete,2027-01-31,Complete,2026-11-30
E10077,Complete,Complete,Complete,2027-01-31,Complete,2026-11-30
E10078,Complete,Complete,Complete,2027-01-31,Complete,2026-11-30
E10079,Complete,Complete,Complete,2027-01-31,Complete,2026-11-30
E10080,Complete,Complete,Complete,2027-01-31,Complete,2026-11-30
E10081,Complete,Complete,Complete,2027-01-31,Complete,2026-11-30
E10082,Complete,Complete,Complete,2027-01-31,Complete,2026-11-30
E10083,Complete,Complete,Complete,2027-01-31,Complete,2026-11-30
E10084,Complete,Complete,Complete,2027-01-31,Complete,2026-11-30
E10085,Complete,Complete,Complete,2027-01-31,Complete,2026-11-30
E10086,Complete,Complete,Complete,2027-01-31,Complete,2026-11-30
E10087,Complete,Complete,Complete,2027-01-31,Pending,2026-11-30
E10088,Complete,Overdue,Complete,2026-11-15,Complete,2026-11-30
E10089,Complete,Complete,Complete,2027-01-31,Complete,2026-11-30
E10090,Complete,Complete,Complete,2027-01-31,Complete,2026-11-30
E10091,Complete,Complete,Complete,2027-01-31,Complete,2026-11-30
E10092,Complete,Complete,Complete,2027-01-31,Complete,2026-11-30
E10093,Complete,Complete,Complete,2027-01-31,Complete,2026-11-30
E10094,Missing,Complete,Complete,2027-01-31,Complete,2026-11-30
E10095,Complete,Complete,Complete,2027-01-31,Complete,2026-11-30
E10096,Complete,Complete,Complete,2027-01-31,Complete,2026-11-30
E10097,Complete,Complete,Complete,2027-01-31,Complete,2026-11-30
E10098,Complete,Complete,Complete,2027-01-31,Complete,2026-11-30
E10099,Complete,Complete,Complete,2027-01-31,Complete,2026-11-30
E10100,Complete,Complete,Complete,2027-01-31,Complete,2026-11-30
E10101,Complete,Complete,Complete,2027-01-31,Complete,2026-11-30
E10102,Complete,Complete,Complete,2027-01-31,Complete,2026-11-30
E10103,Complete,Complete,Complete,2027-01-31,Complete,2026-11-30
E10104,Complete,Complete,Complete,2027-01-31,Complete,2026-11-30
E10105,Complete,Complete,Complete,2027-01-31,Complete,2026-11-30
E10106,Complete,Complete,Complete,2027-01-31,Complete,2026-11-30
E10107,Complete,Complete,Complete,2027-01-31,Complete,2026-11-30
E10108,Complete,Complete,Complete,2027-01-31,Complete,2026-11-30
E10109,Complete,Complete,Complete,2027-01-31,Complete,2026-11-30
E10110,Complete,Complete,Complete,2027-01-31,Complete,2026-11-30
E10111,Complete,Complete,Complete,2027-01-31,Complete,2026-11-30
E10112,Complete,Complete,Not Started,2027-01-31,Complete,2026-11-30
E10113,Complete,Complete,Complete,2027-01-31,Complete,2026-11-30
E10114,Complete,Complete,Complete,2027-01-31,Complete,2026-11-30
E10115,Complete,Complete,Complete,2027-01-31,Complete,2026-11-30
E10116,Complete,Complete,Complete,2027-01-31,Complete,2026-11-30
E10117,Complete,Overdue,Complete,2026-11-15,Complete,2026-11-30
E10118,Complete,Complete,Complete,2027-01-31,Complete,2026-11-30
E10119,Complete,Complete,Complete,2027-01-31,Complete,2026-11-30
E10120,Complete,Complete,Complete,2027-01-31,Complete,2026-11-30
E10121,Complete,Complete,Complete,2027-01-31,Complete,2026-11-30
E10122,Complete,Complete,Complete,2027-01-31,Complete,2026-11-30
E10123,Complete,Complete,Complete,2027-01-31,Complete,2026-11-30
E10124,Complete,Complete,Complete,2027-01-31,Complete,2026-11-30
E10125,Missing,Complete,Complete,2027-01-31,Complete,2026-11-30
E10126,Complete,Complete,Complete,2027-01-31,Complete,2026-11-30
E10127,Complete,Complete,Complete,2027-01-31,Complete,2026-11-30
E10128,Complete,Complete,Complete,2027-01-31,Complete,2026-11-30
E10129,Complete,Complete,Complete,2027-01-31,Complete,2026-11-30
E10130,Complete,Complete,Complete,2027-01-31,Pending,2026-11-30
E10131,Complete,Complete,Complete,2027-01-31,Complete,2026-11-30
E10132,Complete,Complete,Complete,2027-01-31,Complete,2026-11-30
E10133,Complete,Complete,Complete,2027-01-31,Complete,2026-11-30
E10134,Complete,Complete,Complete,2027-01-31,Complete,2026-11-30
E10135,Complete,Complete,Complete,2027-01-31,Complete,2026-11-30
E10136,Complete,Complete,Complete,2027-01-31,Complete,2026-11-30
E10137,Complete,Complete,Complete,2027-01-31,Complete,2026-11-30
E10138,Complete,Complete,Complete,2027-01-31,Complete,2026-11-30
E10139,Complete,Complete,Complete,2027-01-31,Complete,2026-11-30
E10140,Complete,Complete,Complete,2027-01-31,Complete,2026-11-30
E10141,Complete,Complete,Complete,2027-01-31,Complete,2026-11-30
E10142,Complete,Complete,Complete,2027-01-31,Complete,2026-11-30
E10143,Complete,Complete,Complete,2027-01-31,Complete,2026-11-30
E10144,Complete,Complete,Complete,2027-01-31,Complete,2026-11-30
E10145,Complete,Complete,Complete,2027-01-31,Complete,2026-11-30
E10146,Complete,Overdue,Complete,2026-11-15,Complete,2026-11-30
E10147,Complete,Complete,Complete,2027-01-31,Complete,2026-11-30
E10148,Complete,Complete,Complete,2027-01-31,Complete,2026-11-30
E10149,Complete,Complete,Not Started,2027-01-31,Complete,2026-11-30
E10150,Complete,Complete,Complete,2027-01-31,Complete,2026-11-30
E10151,Complete,Complete,Complete,2027-01-31,Complete,2026-11-30
E10152,Complete,Complete,Complete,2027-01-31,Complete,2026-11-30
E10153,Complete,Complete,Complete,2027-01-31,Complete,2026-11-30
E10154,Complete,Complete,Complete,2027-01-31,Complete,2026-11-30
E10155,Complete,Complete,Complete,2027-01-31,Complete,2026-11-30
E10156,Missing,Complete,Complete,2027-01-31,Complete,2026-11-30
E10157,Complete,Complete,Complete,2027-01-31,Complete,2026-11-30
E10158,Complete,Complete,Complete,2027-01-31,Complete,2026-11-30
E10159,Complete,Complete,Complete,2027-01-31,Complete,2026-11-30
E10160,Complete,Complete,Complete,2027-01-31,Complete,2026-11-30
E10161,Complete,Complete,Complete,2027-01-31,Complete,2026-11-30
E10162,Complete,Complete,Complete,2027-01-31,Complete,2026-11-30
E10163,Complete,Complete,Complete,2027-01-31,Complete,2026-11-30
E10164,Complete,Complete,Complete,2027-01-31,Complete,2026-11-30
E10165,Complete,Complete,Complete,2027-01-31,Complete,2026-11-30
E10166,Complete,Complete,Complete,2027-01-31,Complete,2026-11-30
E10167,Complete,Complete,Complete,2027-01-31,Complete,2026-11-30
E10168,Complete,Complete,Complete,2027-01-31,Complete,2026-11-30
E10169,Complete,Complete,Complete,2027-01-31,Complete,2026-11-30
E10170,Complete,Complete,Complete,2027-01-31,Complete,2026-11-30
E10171,Complete,Complete,Complete,2027-01-31,Complete,2026-11-30
E10172,Complete,Complete,Complete,2027-01-31,Complete,2026-11-30
E10173,Complete,Complete,Complete,2027-01-31,Pending,2026-11-30
E10174,Complete,Complete,Complete,2027-01-31,Complete,2026-11-30
E10175,Complete,Overdue,Complete,2026-11-15,Complete,2026-11-30
E10176,Complete,Complete,Complete,2027-01-31,Complete,2026-11-30
E10177,Complete,Complete,Complete,2027-01-31,Complete,2026-11-30
E10178,Complete,Complete,Complete,2027-01-31,Complete,2026-11-30
E10179,Complete,Complete,Complete,2027-01-31,Complete,2026-11-30
E10180,Complete,Complete,Complete,2027-01-31,Complete,2026-11-30
E10181,Complete,Complete,Complete,2027-01-31,Complete,2026-11-30
E10182,Complete,Complete,Complete,2027-01-31,Complete,2026-11-30
E10183,Complete,Complete,Complete,2027-01-31,Complete,2026-11-30
E10184,Complete,Complete,Complete,2027-01-31,Complete,2026-11-30
E10185,Complete,Complete,Complete,2027-01-31,Complete,2026-11-30
E10186,Complete,Complete,Not Started,2027-01-31,Complete,2026-11-30
E10187,Missing,Complete,Complete,2027-01-31,Complete,2026-11-30
E10188,Complete,Complete,Complete,2027-01-31,Complete,2026-11-30
E10189,Complete,Complete,Complete,2027-01-31,Complete,2026-11-30
E10190,Complete,Complete,Complete,2027-01-31,Complete,2026-11-30
E10191,Complete,Complete,Complete,2027-01-31,Complete,2026-11-30
E10192,Complete,Complete,Complete,2027-01-31,Complete,2026-11-30
E10193,Complete,Complete,Complete,2027-01-31,Complete,2026-11-30
E10194,Complete,Complete,Complete,2027-01-31,Complete,2026-11-30
E10195,Complete,Complete,Complete,2027-01-31,Complete,2026-11-30
E10196,Complete,Complete,Complete,2027-01-31,Complete,2026-11-30
E10197,Complete,Complete,Complete,2027-01-31,Complete,2026-11-30
E10198,Complete,Complete,Complete,2027-01-31,Complete,2026-11-30
E10199,Complete,Complete,Complete,2027-01-31,Complete,2026-11-30
E10200,Complete,Complete,Complete,2027-01-31,Complete,2026-11-30
E10201,Complete,Complete,Complete,2027-01-31,Complete,2026-11-30
E10202,Complete,Complete,Complete,2027-01-31,Complete,2026-11-30
E10203,Complete,Complete,Complete,2027-01-31,Complete,2026-11-30
E10204,Complete,Overdue,Complete,2026-11-15,Complete,2026-11-30
E10205,Complete,Complete,Complete,2027-01-31,Complete,2026-11-30
E10206,Complete,Complete,Complete,2027-01-31,Complete,2026-11-30
E10207,Complete,Complete,Complete,2027-01-31,Complete,2026-11-30
E10208,Complete,Complete,Complete,2027-01-31,Complete,2026-11-30
E10209,Complete,Complete,Complete,2027-01-31,Complete,2026-11-30
E10210,Complete,Complete,Complete,2027-01-31,Complete,2026-11-30
E10211,Complete,Complete,Complete,2027-01-31,Complete,2026-11-30
E10212,Complete,Complete,Complete,2027-01-31,Complete,2026-11-30
E10213,Complete,Complete,Complete,2027-01-31,Complete,2026-11-30
E10214,Complete,Complete,Complete,2027-01-31,Complete,2026-11-30
E10215,Complete,Complete,Complete,2027-01-31,Complete,2026-11-30
E10216,Complete,Complete,Complete,2027-01-31,Pending,2026-11-30
E10217,Complete,Complete,Complete,2027-01-31,Complete,2026-11-30
E10218,Missing,Complete,Complete,2027-01-31,Complete,2026-11-30
E10219,Complete,Complete,Complete,2027-01-31,Complete,2026-11-30
E10220,Complete,Complete,Complete,2027-01-31,Complete,2026-11-30
E10221,Complete,Complete,Complete,2027-01-31,Complete,2026-11-30
E10222,Complete,Complete,Complete,2027-01-31,Complete,2026-11-30
E10223,Complete,Complete,Not Started,2027-01-31,Complete,2026-11-30
E10224,Complete,Complete,Complete,2027-01-31,Complete,2026-11-30
E10225,Complete,Complete,Complete,2027-01-31,Complete,2026-11-30
E10226,Complete,Complete,Complete,2027-01-31,Complete,2026-11-30
E10227,Complete,Complete,Complete,2027-01-31,Complete,2026-11-30
E10228,Complete,Complete,Complete,2027-01-31,Complete,2026-11-30
E10229,Complete,Complete,Complete,2027-01-31,Complete,2026-11-30
E10230,Complete,Complete,Complete,2027-01-31,Complete,2026-11-30
E10231,Complete,Complete,Complete,2027-01-31,Complete,2026-11-30
E10232,Complete,Complete,Complete,2027-01-31,Complete,2026-11-30
E10233,Complete,Overdue,Complete,2026-11-15,Complete,2026-11-30
E10234,Complete,Complete,Complete,2027-01-31,Complete,2026-11-30
E10235,Complete,Complete,Complete,2027-01-31,Complete,2026-11-30
E10236,Complete,Complete,Complete,2027-01-31,Complete,2026-11-30
E10237,Complete,Complete,Complete,2027-01-31,Complete,2026-11-30
E10238,Complete,Complete,Complete,2027-01-31,Complete,2026-11-30
E10239,Complete,Complete,Complete,2027-01-31,Complete,2026-11-30
E10240,Complete,Complete,Complete,2027-01-31,Complete,2026-11-30
E10241,Complete,Complete,Complete,2027-01-31,Complete,2026-11-30
E10242,Complete,Complete,Complete,2027-01-31,Complete,2026-11-30
E10243,Complete,Complete,Complete,2027-01-31,Complete,2026-11-30
E10244,Complete,Complete,Complete,2027-01-31,Complete,2026-11-30
E10245,Complete,Complete,Complete,2027-01-31,Complete,2026-11-30
E10246,Complete,Complete,Complete,2027-01-31,Complete,2026-11-30
E10247,Complete,Complete,Complete,2027-01-31,Complete,2026-11-30
E10248,Complete,Complete,Complete,2027-01-31,Complete,2026-11-30
E10249,Missing,Complete,Complete,2027-01-31,Complete,2026-11-30
E10250,Complete,Complete,Complete,2027-01-31,Complete,2026-11-30
E10251,Complete,Complete,Complete,2027-01-31,Complete,2026-11-30
E10252,Complete,Complete,Complete,2027-01-31,Complete,2026-11-30
E10253,Complete,Complete,Complete,2027-01-31,Complete,2026-11-30
E10254,Complete,Complete,Complete,2027-01-31,Complete,2026-11-30
E10255,Complete,Complete,Complete,2027-01-31,Complete,2026-11-30
E10256,Complete,Complete,Complete,2027-01-31,Complete,2026-11-30
E99999,Complete,Complete,Complete,2027-01-31,Complete,2026-11-30
